<?xml version="1.0" encoding="UTF-8"?>
<!DOCTYPE suite SYSTEM "https://testng.org/testng-1.0.dtd">
<suite name="Suite">

 <parameter name="url" value="https://login.salesforce.com"></parameter>
  <parameter name="uName" value="makaia@testleaf.com"></parameter>
  <parameter name="pWord" value="SelBootcamp$1234"></parameter>
  <test thread-count="5" verbose="5" name="Test">
   <classes>
      <class name="testcases.Dashboard"/>
    </classes>
  </test> <!-- Test -->
</suite> <!-- Suite -->
